{
    "USDAUD": 1.547455,
    "USDCAD": 1.345205,
    "USDCHF": 0.905625,
    "USDEUR": 0.938075,
    "USDGBP": 0.815129,
    "USDJPY": 148.080497,
    "USDXAU": 0.000518,
    "USDNZD": 1.671415
}
