{"USDAUD": 1.560549, "USDCAD": 1.34969, "USDCHF": 0.912425, "USDEUR": 0.94336, "USDGBP": 0.82088, "USDJPY": 148.869002, "USDXAU": 0.000523, "USDNZD": 1.677215}
