{"USDAUD": 1.573688, "USDCAD": 1.387655, "USDCHF": 0.909035, "USDEUR": 0.949845, "USDGBP": 0.82592, "USDJPY": 151.337016, "USDXAU": 0.000504, "USDNZD": 1.71687, "USDWTI": 0.012038764822729189, "USDBCO": 0.011506155793349442}