{"USDAUD": 1.555185, "USDCAD": 1.34763, "USDCHF": 0.915535, "USDEUR": 0.946225, "USDGBP": 0.818905, "USDJPY": 149.243986, "USDXAU": 0.000536, "USDNZD": 1.674695, "USDWTI": 0.010820754206568197, "USDBCO": 0.010699764605178687}