{"USDAUD": 1.56528, "USDCAD": 1.34927, "USDCHF": 0.917099, "USDEUR": 0.948625, "USDGBP": 0.81972, "USDJPY": 149.258975, "USDXAU": 0.000533, "USDNZD": 1.678855, "USDWTI": 0.010752688172043012, "USDBCO": 0.010416666666666666}
