{"USDAUD": 1.571805, "USDCAD": 1.38067, "USDCHF": 0.902603, "USDEUR": 0.936462, "USDGBP": 0.81806, "USDJPY": 151.411011, "USDXAU": 0.000512, "USDNZD": 1.69795, "USDWTI": 0.013150108488395028, "USDBCO": 0.01243781094527363}