{"USDAUD": 1.558265, "USDCAD": 1.34907, "USDCHF": 0.916265, "USDEUR": 0.946375, "USDGBP": 0.81941, "USDJPY": 149.356966, "USDXAU": 0.000537, "USDNZD": 1.677475, "USDWTI": 0.010869565217391304, "USDBCO": 0.010416666666666666}