{"USDAUD": 1.54288, "USDCAD": 1.34467, "USDCHF": 0.910215, "USDEUR": 0.942915, "USDGBP": 0.81736, "USDJPY": 148.946055, "USDXAU": 0.000534, "USDNZD": 1.65829, "USDWTI": 0.010898588632772056, "USDBCO": 0.01074922068150059}