{"USDAUD": 1.563551, "USDCAD": 1.36094, "USDCHF": 0.914085, "USDEUR": 0.949505, "USDGBP": 0.822945, "USDJPY": 149.741005, "USDXAU": 0.000545, "USDNZD": 1.674665, "USDWTI": 0.010920010920010919, "USDBCO": 0.010738831615120275}