{"USDAUD": 1.476985, "USDCAD": 1.33389, "USDCHF": 0.864085, "USDEUR": 0.914436, "USDGBP": 0.790745, "USDJPY": 143.397504, "USDXAU": 0.000492, "USDNZD": 1.590419, "USDWTI": 0.013358268768367619, "USDBCO": 0.012482836100362002}