{"USDAUD": 1.582829, "USDCAD": 1.375635, "USDCHF": 0.91743, "USDEUR": 0.952426, "USDGBP": 0.824135, "USDJPY": 149.118016, "USDXAU": 0.00055, "USDNZD": 1.69344, "USDWTI": 0.011856067342462506, "USDBCO": 0.011642798928862498}