{"USDAUD": 1.51437, "USDCAD": 1.354695, "USDCHF": 0.874203, "USDEUR": 0.916705, "USDGBP": 0.79095, "USDJPY": 148.151008, "USDXAU": 0.00049, "USDNZD": 1.624765, "USDWTI": 0.013214403700033036, "USDBCO": 0.012428535918468805}