{"USDAUD": 1.571203, "USDCAD": 1.38545, "USDCHF": 0.902395, "USDEUR": 0.946525, "USDGBP": 0.8242, "USDJPY": 149.383967, "USDXAU": 0.000501, "USDNZD": 1.71413, "USDWTI": 0.011868731826004392, "USDBCO": 0.011348161597821153}