{"USDAUD": 1.57587, "USDCAD": 1.36733, "USDCHF": 0.911575, "USDEUR": 0.949015, "USDGBP": 0.82098, "USDJPY": 149.175983, "USDXAU": 0.00054, "USDNZD": 1.67676, "USDWTI": 0.011650259218267607, "USDBCO": 0.011444266422522317}