{"USDAUD": 1.50412, "USDCAD": 1.354035, "USDCHF": 0.872685, "USDEUR": 0.919755, "USDGBP": 0.78913, "USDJPY": 146.714038, "USDXAU": 0.000483, "USDNZD": 1.615995, "USDWTI": 0.013590649633052461, "USDBCO": 0.012768130745658836}