{"USDAUD": 1.555694, "USDCAD": 1.34792, "USDCHF": 0.915865, "USDEUR": 0.9465, "USDGBP": 0.818979, "USDJPY": 149.253008, "USDXAU": 0.000536, "USDNZD": 1.674975, "USDWTI": 0.010819583446037328, "USDBCO": 0.010700909577314071}