{"USDAUD": 1.58392, "USDCAD": 1.371745, "USDCHF": 0.892615, "USDEUR": 0.945685, "USDGBP": 0.82532, "USDJPY": 149.854502, "USDXAU": 0.000505, "USDNZD": 1.71634, "USDWTI": 0.011195074167366358, "USDBCO": 0.01072041166380789}