{"USDAUD": 1.55613, "USDCAD": 1.34825, "USDCHF": 0.916175, "USDEUR": 0.946795, "USDGBP": 0.819395, "USDJPY": 149.274961, "USDXAU": 0.000536, "USDNZD": 1.675675, "USDWTI": 0.010811395210551921, "USDBCO": 0.0106951871657754}