{"USDAUD": 1.570352, "USDCAD": 1.38344, "USDCHF": 0.902195, "USDEUR": 0.932706, "USDGBP": 0.81375, "USDJPY": 151.711018, "USDXAU": 0.000514, "USDNZD": 1.70487, "USDWTI": 0.01279344975372609, "USDBCO": 0.012140342357654486}