{"USDAUD": 1.529192, "USDCAD": 1.37083, "USDCHF": 0.88374, "USDEUR": 0.916235, "USDGBP": 0.79779, "USDJPY": 148.972042, "USDXAU": 0.000499, "USDNZD": 1.65806, "USDWTI": 0.012850992739189103, "USDBCO": 0.01211680600993578}