{"USDAUD": 1.572455, "USDCAD": 1.37537, "USDCHF": 0.894055, "USDEUR": 0.944075, "USDGBP": 0.823415, "USDJPY": 149.895951, "USDXAU": 0.000507, "USDNZD": 1.710497, "USDWTI": 0.011922503725782414, "USDBCO": 0.011437721605856113}