{"USDAUD": 1.526498, "USDCAD": 1.360115, "USDCHF": 0.876496, "USDEUR": 0.92734, "USDGBP": 0.798335, "USDJPY": 145.856014, "USDXAU": 0.000505, "USDNZD": 1.643239, "USDWTI": 0.014667057788207684, "USDBCO": 0.013738150844896276}