{"USDAUD": 1.558798, "USDCAD": 1.349345, "USDCHF": 0.916298, "USDEUR": 0.946515, "USDGBP": 0.81956, "USDJPY": 149.364032, "USDXAU": 0.000537, "USDNZD": 1.677925, "USDWTI": 0.010769943242399114, "USDBCO": 0.010415690195710819}