{"USDAUD": 1.559865, "USDCAD": 1.349695, "USDCHF": 0.916645, "USDEUR": 0.94675, "USDGBP": 0.81987, "USDJPY": 149.395011, "USDXAU": 0.000536, "USDNZD": 1.678855, "USDWTI": 0.010869565217391304, "USDBCO": 0.010526315789473684}