{"USDAUD": 1.572896, "USDCAD": 1.362315, "USDCHF": 0.901699, "USDEUR": 0.948035, "USDGBP": 0.821319, "USDJPY": 149.636028, "USDXAU": 0.000521, "USDNZD": 1.69548, "USDWTI": 0.011536021226279057, "USDBCO": 0.011129660545353368}