{"USDAUD": 1.54252, "USDCAD": 1.34449, "USDCHF": 0.909935, "USDEUR": 0.942485, "USDGBP": 0.817145, "USDJPY": 148.930946, "USDXAU": 0.000534, "USDNZD": 1.65787, "USDWTI": 0.010866612333604997, "USDBCO": 0.0107284626113078}