{"USDAUD": 1.559369, "USDCAD": 1.34956, "USDCHF": 0.916405, "USDEUR": 0.946435, "USDGBP": 0.81956, "USDJPY": 149.359024, "USDXAU": 0.000536, "USDNZD": 1.67842, "USDWTI": 0.010869565217391304, "USDBCO": 0.010526315789473684}